index,id,author,media,upvotes,date,type
609,5k2poz,lordtriad,https://i.redd.it/a7621p8h5i5y.jpg,19278,24-12-16 11:44,Versus
1514,5leyhf,shavityaron,https://i.redd.it/5lzp9sgbg37y.jpg,4478,01-01-17 12:26,Versus
2264,5nt46a,_KatieS,https://i.redd.it/j4317qmrij9y.jpg,58605,13-01-17 20:38,Versus
1432,5opvb9,Xirnatts,https://i.redd.it/42ime6vhlhay.png,5773,18-01-17 15:12,Versus
779,5sduvp,ItsHimIsntIt,https://i.redd.it/dhjs0lq298ey.jpg,15686,06-02-17 12:04,Versus
815,5soyis,None,https://i.imgur.com/XxR715Y.jpg,14870,07-02-17 23:20,Versus
2929,5y1bvy,1v1MeRocketLeague,https://i.redd.it/mjtd6v5mf0ky.jpg,690,07-03-17 16:10,Versus
303,60uded,atr2718,https://i.redd.it/khcwbrvsgymy.jpg,27911,22-03-17 12:45,Versus
344,6110zu,ItsOpaz,https://i.redd.it/3blmjda9w4ny.jpg,26034,23-03-17 10:23,Versus
151,61beyg,Scruffmygruff,https://i.redd.it/074y4um80fny.jpg,34178,24-03-17 20:23,Versus
2831,636s4m,lukadude,https://i.redd.it/6rrywvvkbcpy.png,802,03-04-17 13:33,Versus
3040,66qxv9,Agasis2310,http://i.imgur.com/BSifZ00.jpg,605,21-04-17 18:09,Versus
1016,6a4zkd,ntheg111,http://i.imgur.com/ApowdHU.png,23612,09-05-17 12:08,Versus
3162,6bbvrv,DankMemeApprentice,https://i.redd.it/om34mp32bpxy.jpg,533,15-05-17 17:43,Versus
1499,6c18mu,MomoYaseen,https://i.redd.it/zbthoecpmdyy.jpg,4659,19-05-17 3:31,Versus
789,6da72h,tastyphone,https://i.redd.it/h3fby24gwnzy.png,15427,25-05-17 15:08,Versus
2036,6hsdnb,Tyler1492,https://i.redd.it/2zvqpynr264z.png,73543,17-06-17 8:32,Versus
3168,6i4yfa,BraveReddit,https://i.redd.it/38txv3riuh4z.jpg,529,19-06-17 7:38,Versus
407,6k0tuw,thedok20,https://i.redd.it/nn3i836tae6z.jpg,24350,28-06-17 14:19,Versus
1416,6mj84n,GOgetanewlife,https://i.redd.it/ieqvc9o6gv8z.jpg,6222,11-07-17 2:08,Versus
1842,6nh3he,JF_112,https://i.imgur.com/BfZ6roy.jpg,106692,15-07-17 17:18,Versus
3046,6q35gc,gerobw,http://i.imgur.com/S48zlOJ.jpg,595,28-07-17 11:18,Versus
2259,6s8enf,demevalos,http://i.imgur.com/RC3ng0X.jpg,58945,07-08-17 20:37,Versus
2359,6sy786,Lil_Thucc,https://i.redd.it/lfvqf9v8q0fz.jpg,4758,11-08-17 2:18,Versus
747,6tf4id,ImOnlyHereForKarma,https://i.redd.it/c2whe07icifz.jpg,16229,13-08-17 13:33,Versus
2768,6tfkzr,BraveReddit,https://i.redd.it/c2whe07icifz.jpg,885,13-08-17 15:09,Versus
2576,6v0ttt,originalcommentator,https://i.redd.it/wrufm052x0hz.png,1367,21-08-17 5:04,Versus
31,6vyd0q,YoUsEfIsSqUeAkY,https://i.redd.it/0jogh3wuwvhz.jpg,47894,25-08-17 13:18,Versus
2604,6wiy6z,None,https://i.redd.it/429ff6oeygiz.jpg,1241,28-08-17 12:04,Versus
1377,6xjqil,borsalino_j,https://i.redd.it/ksjxm56ocejz.jpg,7325,02-09-17 4:23,Versus
2142,6yk1z7,TurtleTales17,https://i.redd.it/e0tibx4u5dkz.jpg,65431,07-09-17 1:27,Versus
436,6z62bx,Ajthus,https://i.redd.it/ag34tibd3zkz.png,23372,10-09-17 3:13,Versus
2145,7284fw,kiffmeizter,https://i.redd.it/xf2sq20nkwnz.jpg,65183,24-09-17 21:56,Versus
2840,72amem,SirAFG,https://i.redd.it/9hflwo321znz.jpg,804,25-09-17 6:12,Versus
346,73cufe,hi_im_horse,https://i.imgur.com/Z7TqXX8.png,25987,30-09-17 3:48,Versus
14,748b0k,heffers0nn,https://i.redd.it/1qzhs6apktpz.jpg,54858,04-10-17 14:00,Versus
283,74hnzc,furrutia29,https://i.redd.it/v92yfbqvu1qz.jpg,28584,05-10-17 17:51,Versus
1286,74k64t,Noctraxia,https://i.redd.it/7qwrrqvnt3qz.jpg,10463,06-10-17 0:28,Versus
1624,76tbx6,ars3nic_,https://i.redd.it/6o8n977549sz.jpg,3597,16-10-17 20:24,Versus
206,78so15,ThreadlessJon,https://i.redd.it/uu6lzoey43uz.png,31655,26-10-17 2:26,Versus
2286,78ua4j,SeBAsTianMrANt,https://i.redd.it/5xma1yo715uz.jpg,23710,26-10-17 8:48,Versus
2120,79601m,arthritictongue,https://i.redd.it/stzamzaxrfuz.jpg,66629,27-10-17 20:56,Versus
755,79c3jl,3MUCHSWAG5ME,https://i.redd.it/j3nqkuvgimuz.jpg,16110,28-10-17 19:36,Versus
2667,7an4ev,jakeerle01,https://i.redd.it/86twcoo5fuvz.jpg,1061,03-11-17 23:15,Versus
2016,7aq9wi,beardynolando,https://i.redd.it/jm2dqa719yvz.jpg,75434,04-11-17 12:08,Versus
2096,7ay0mc,TheGangMakesaPodcast,https://i.redd.it/qr8ttf4x86wz.png,68395,05-11-17 15:02,Versus
859,7b2foi,HelenKellersBhole,https://i.redd.it/ywvv5wzlt9wz.jpg,14037,06-11-17 3:04,Versus
937,7bg6no,ProfessorBear56,https://i.redd.it/bhkigs96amwz.jpg,35306,07-11-17 20:57,Versus
1197,7c151f,Kev1n0_,https://i.redd.it/l7bmpp5zi5xz.png,14034,10-11-17 13:41,Versus
2554,7cfknv,Official_tech,https://i.redd.it/3lu14yq4yjxz.jpg,1455,12-11-17 14:11,Versus
1172,7cfmbp,TrollTideTroll33,https://i.redd.it/uhv4nzl20kxz.jpg,14952,12-11-17 14:21,Versus
285,7cid5a,SamuelTheMuso,https://i.redd.it/lo84fxqu6mxz.jpg,28431,12-11-17 21:43,Versus
1126,7ckfcc,TheStarVenge,https://i.redd.it/ivkb9yq5xnxz.jpg,17050,13-11-17 3:32,Versus
26,7cn0vu,HitlerDabsOnJews,https://i.redd.it/73227ot8uqxz.jpg,50597,13-11-17 13:21,Versus
2708,7cppoy,Viscabarca_,https://i.redd.it/8e3eyfnirsxz.jpg,969,13-11-17 19:49,Versus
270,7ed39f,WhitakerRepublic,https://i.redd.it/ztoznumfp7zz.jpg,28958,20-11-17 23:09,Versus
418,7gmr2n,purevermonter,https://i.imgur.com/PXjCZGM.jpg,24078,30-11-17 14:39,Versus
773,7gtpm0,Skiboy334,https://i.redd.it/0xh3j2fcs9101.png,15729,01-12-17 8:16,Versus
321,7h4t8r,SilverGryphon,https://i.redd.it/6fzaajkqck101.png,27333,02-12-17 19:49,Versus
426,7hwup6,derricknh,https://i.redd.it/u07l2bn8o9201.jpg,23674,06-12-17 8:58,Versus
3113,7j22bj,N044,https://i.redd.it/11bzf5u4la301.jpg,552,11-12-17 13:06,Versus
251,7kl6ng,Gregor0410,https://i.redd.it/v02f0gvsmo401.jpg,29885,18-12-17 13:25,Versus
162,7oqc27,Krishnhm1,https://i.redd.it/k72cvb9i3n801.jpg,33566,07-01-18 12:31,Versus
3207,7p7ghy,karan_thakkar_,https://i.redd.it/569n0b7jz1901.png,505,09-01-18 14:36,Versus
2636,7tzxbu,Giza_5,https://i.redd.it/94wphsfzd6d01.jpg,1145,30-01-18 9:40,Versus
2317,7u24es,linkofrivia,https://i.redd.it/kck9o6esc8d01.png,8857,30-01-18 16:18,Versus
3223,7v0mj7,Asado666,https://i.redd.it/z45uldtv71e01.jpg,496,03-02-18 17:21,Versus
817,7wq7q4,walkintheforest1,https://i.redd.it/sn9lct7wyhf01.jpg,14800,11-02-18 2:45,Versus
2753,7yuvie,iamWeka,https://i.redd.it/xkdj2mrifch01.jpg,903,20-02-18 10:17,Versus
1689,80c6i0,suxnips,https://i.imgur.com/KHFYWT1.jpg,3306,26-02-18 10:46,Versus
874,818wxe,PregnantMosquito,https://i.redd.it/dnet47obz7j01.jpg,13834,01-03-18 21:27,Versus
927,824se7,sibelince,https://imgur.com/tLhO2FA.png,39651,05-03-18 9:32,Versus
253,82hxeo,syndixx,https://i.redd.it/10ojx2nb57k01.jpg,29810,06-03-18 19:42,Versus
129,838k8s,Syphlor,https://i.redd.it/16juqfq8zrk01.jpg,35627,09-03-18 17:46,Versus
2376,83p8e3,Asado666,https://i.redd.it/ruvg5criy6l01.jpg,3957,11-03-18 20:08,Versus
3105,845o5g,PandaFoam,https://i.redd.it/mskia7ox8kl01.jpg,560,13-03-18 16:50,Versus
543,84847q,lightning___mcqueen,https://i.redd.it/r7mup4dksll01.jpg,20874,13-03-18 22:02,Versus
2109,848pin,petitbleuchien,https://i.imgur.com/SFZosK0.jpg,67100,13-03-18 23:19,Versus
1494,853uun,Lucid68,https://i.redd.it/8qbrg2k5xbm01.jpg,4694,17-03-18 13:55,Versus
3142,85581h,mathias_mo1,https://i.redd.it/383r6jqdzcm01.jpg,535,17-03-18 17:28,Versus
1735,85carr,deftonesdid911,https://i.imgur.com/xaOWR5H.jpg,3142,18-03-18 16:32,Versus
1761,87pxlg,Johnicorn,https://i.redd.it/oj5ipeddfgo01.jpg,3010,28-03-18 7:11,Versus
3210,88f6ci,Pugotaco,https://i.redd.it/9f9p5ub6xzo01.jpg,505,31-03-18 0:47,Versus
2405,88m8ed,Keiichi101,https://i.redd.it/iuq4ydfpd6p01.jpg,3036,31-03-18 22:29,Versus
116,89zfnu,SymphonyInPeril,https://i.redd.it/hcxnqumb73q01.jpg,36856,05-04-18 12:53,Versus
,,,,,,
,,,,,,
,,,,,,
,,,,,,
,,,,,,
,,,,,,
,,,,,,
,,,,,,
,,,,,,
,,,,,,
,,,,,,
,,,,,,
,,,,,,
,,,,,,
,,,,,,
,,,,,,
,,,,,,
,,,,,,
,,,,,,
,,,,,,
,,,,,,
,,,,,,
,,,,,,
,,,,,,
,,,,,,
,,,,,,
,,,,,,
,,,,,,
,,,,,,
,,,,,,
,,,,,,
,,,,,,
,,,,,,
,,,,,,
,,,,,,
,,,,,,
,,,,,,
,,,,,,
,,,,,,
,,,,,,
,,,,,,
,,,,,,
,,,,,,
,,,,,,
,,,,,,
,,,,,,
,,,,,,
,,,,,,
,,,,,,
,,,,,,
,,,,,,
,,,,,,
,,,,,,
,,,,,,
,,,,,,
,,,,,,
,,,,,,
,,,,,,
,,,,,,
,,,,,,
,,,,,,
,,,,,,
,,,,,,
,,,,,,
,,,,,,
,,,,,,
,,,,,,
,,,,,,
,,,,,,
,,,,,,
,,,,,,
,,,,,,
,,,,,,
,,,,,,
,,,,,,
,,,,,,
,,,,,,
,,,,,,
,,,,,,
,,,,,,
,,,,,,
,,,,,,
,,,,,,
,,,,,,
,,,,,,
,,,,,,
,,,,,,
,,,,,,
,,,,,,
,,,,,,
,,,,,,
,,,,,,
,,,,,,
,,,,,,
,,,,,,
,,,,,,
,,,,,,
,,,,,,
,,,,,,
,,,,,,
,,,,,,
,,,,,,
,,,,,,
,,,,,,
,,,,,,
,,,,,,
,,,,,,
,,,,,,
,,,,,,
,,,,,,
,,,,,,
,,,,,,
,,,,,,
,,,,,,
,,,,,,
,,,,,,
,,,,,,
,,,,,,
,,,,,,
,,,,,,
,,,,,,
,,,,,,
,,,,,,
,,,,,,
,,,,,,
,,,,,,
,,,,,,
,,,,,,
,,,,,,
,,,,,,
,,,,,,
,,,,,,
,,,,,,
,,,,,,
,,,,,,
,,,,,,
,,,,,,
,,,,,,
,,,,,,
,,,,,,
,,,,,,
,,,,,,
,,,,,,
,,,,,,
,,,,,,
,,,,,,
,,,,,,
,,,,,,
,,,,,,
,,,,,,
,,,,,,
,,,,,,
,,,,,,
,,,,,,
,,,,,,
,,,,,,
,,,,,,
,,,,,,
,,,,,,
,,,,,,
,,,,,,
,,,,,,
,,,,,,
,,,,,,
,,,,,,
,,,,,,
,,,,,,
,,,,,,
,,,,,,
,,,,,,
,,,,,,
,,,,,,
,,,,,,
,,,,,,
,,,,,,
,,,,,,
,,,,,,
,,,,,,
,,,,,,
,,,,,,
,,,,,,
,,,,,,
,,,,,,
,,,,,,
,,,,,,
,,,,,,
,,,,,,
,,,,,,
,,,,,,
,,,,,,
,,,,,,
,,,,,,
,,,,,,
,,,,,,
,,,,,,
,,,,,,
,,,,,,
,,,,,,
,,,,,,
,,,,,,
,,,,,,
,,,,,,
,,,,,,
,,,,,,
,,,,,,
,,,,,,
,,,,,,
,,,,,,
,,,,,,
,,,,,,
,,,,,,
,,,,,,
,,,,,,
,,,,,,
,,,,,,
,,,,,,
,,,,,,
,,,,,,
,,,,,,
,,,,,,
,,,,,,
,,,,,,
,,,,,,
,,,,,,
,,,,,,
,,,,,,
,,,,,,
,,,,,,
,,,,,,
,,,,,,
,,,,,,
,,,,,,
,,,,,,
,,,,,,
,,,,,,
,,,,,,
,,,,,,
,,,,,,
,,,,,,
,,,,,,
,,,,,,
,,,,,,
,,,,,,
,,,,,,
,,,,,,
,,,,,,
,,,,,,
,,,,,,
,,,,,,
,,,,,,
,,,,,,
,,,,,,
,,,,,,
,,,,,,
,,,,,,
,,,,,,
,,,,,,
,,,,,,
,,,,,,
,,,,,,
,,,,,,
,,,,,,
,,,,,,
,,,,,,
,,,,,,
,,,,,,
,,,,,,
,,,,,,
,,,,,,
,,,,,,
,,,,,,
,,,,,,
,,,,,,
,,,,,,
,,,,,,
,,,,,,
,,,,,,
,,,,,,
,,,,,,
,,,,,,
,,,,,,
,,,,,,
,,,,,,
,,,,,,
,,,,,,
,,,,,,
,,,,,,
,,,,,,
,,,,,,
,,,,,,
,,,,,,
,,,,,,
,,,,,,
,,,,,,
,,,,,,
,,,,,,
,,,,,,
,,,,,,
,,,,,,
,,,,,,
,,,,,,
,,,,,,
,,,,,,
,,,,,,
,,,,,,
,,,,,,
,,,,,,
,,,,,,
,,,,,,
,,,,,,
,,,,,,
,,,,,,
,,,,,,
,,,,,,
,,,,,,
,,,,,,
,,,,,,
,,,,,,
,,,,,,
,,,,,,
,,,,,,
,,,,,,
,,,,,,
,,,,,,
,,,,,,
,,,,,,
,,,,,,
,,,,,,
,,,,,,
,,,,,,
,,,,,,
,,,,,,
,,,,,,
,,,,,,
,,,,,,
,,,,,,
,,,,,,
,,,,,,
,,,,,,
,,,,,,
,,,,,,
,,,,,,
,,,,,,
,,,,,,
,,,,,,
,,,,,,
,,,,,,
,,,,,,
,,,,,,
,,,,,,
,,,,,,
,,,,,,
,,,,,,
,,,,,,
,,,,,,
,,,,,,
,,,,,,
,,,,,,
,,,,,,
,,,,,,
,,,,,,
,,,,,,
,,,,,,
,,,,,,
,,,,,,
,,,,,,
,,,,,,
,,,,,,
,,,,,,
,,,,,,
,,,,,,
,,,,,,
,,,,,,
,,,,,,
,,,,,,
,,,,,,
,,,,,,
,,,,,,
,,,,,,
,,,,,,
,,,,,,
,,,,,,
,,,,,,
,,,,,,
,,,,,,
,,,,,,
,,,,,,
,,,,,,
,,,,,,
,,,,,,
,,,,,,
,,,,,,
,,,,,,
,,,,,,
,,,,,,
,,,,,,
,,,,,,
,,,,,,
,,,,,,
,,,,,,
,,,,,,
,,,,,,
,,,,,,
,,,,,,
,,,,,,
,,,,,,
,,,,,,
,,,,,,
,,,,,,
,,,,,,
,,,,,,
,,,,,,
,,,,,,
,,,,,,
,,,,,,
,,,,,,
,,,,,,
,,,,,,
,,,,,,
,,,,,,
,,,,,,
,,,,,,
,,,,,,
,,,,,,
,,,,,,
,,,,,,
,,,,,,
,,,,,,
,,,,,,
,,,,,,
,,,,,,
,,,,,,
,,,,,,
,,,,,,
,,,,,,
,,,,,,
,,,,,,
,,,,,,
,,,,,,
,,,,,,
,,,,,,
,,,,,,
,,,,,,
,,,,,,
,,,,,,
,,,,,,
,,,,,,
,,,,,,
,,,,,,
,,,,,,
,,,,,,
,,,,,,
,,,,,,
,,,,,,
,,,,,,
,,,,,,
,,,,,,
,,,,,,
,,,,,,
,,,,,,
,,,,,,
,,,,,,
,,,,,,
,,,,,,
,,,,,,
,,,,,,
,,,,,,
,,,,,,
,,,,,,
,,,,,,
,,,,,,
,,,,,,
,,,,,,
,,,,,,
,,,,,,
,,,,,,
,,,,,,
,,,,,,
,,,,,,
,,,,,,
,,,,,,
,,,,,,
,,,,,,
,,,,,,
,,,,,,
,,,,,,
,,,,,,
,,,,,,
,,,,,,
,,,,,,
,,,,,,
,,,,,,
,,,,,,
,,,,,,
,,,,,,
,,,,,,
,,,,,,
,,,,,,
,,,,,,
,,,,,,
,,,,,,
,,,,,,
,,,,,,
,,,,,,
,,,,,,
,,,,,,
,,,,,,
,,,,,,
,,,,,,
,,,,,,
,,,,,,
,,,,,,
,,,,,,
,,,,,,
,,,,,,
,,,,,,
,,,,,,
,,,,,,
,,,,,,
,,,,,,
,,,,,,
,,,,,,
,,,,,,
,,,,,,
,,,,,,
,,,,,,
,,,,,,
,,,,,,
,,,,,,
,,,,,,
,,,,,,
,,,,,,
,,,,,,
,,,,,,
,,,,,,
,,,,,,
,,,,,,
,,,,,,
,,,,,,
,,,,,,
,,,,,,
,,,,,,
,,,,,,
,,,,,,
,,,,,,
,,,,,,
,,,,,,
,,,,,,
,,,,,,
,,,,,,
,,,,,,
,,,,,,
,,,,,,
,,,,,,
,,,,,,
,,,,,,
,,,,,,
,,,,,,
,,,,,,
,,,,,,
,,,,,,
,,,,,,
,,,,,,
,,,,,,
,,,,,,
,,,,,,
,,,,,,
,,,,,,
,,,,,,
,,,,,,
,,,,,,
,,,,,,
,,,,,,
,,,,,,
,,,,,,
,,,,,,
,,,,,,
,,,,,,
,,,,,,
,,,,,,
,,,,,,
,,,,,,
,,,,,,
,,,,,,
,,,,,,
,,,,,,
,,,,,,
,,,,,,
,,,,,,
,,,,,,
,,,,,,
,,,,,,
,,,,,,
,,,,,,
,,,,,,
,,,,,,
,,,,,,
,,,,,,
,,,,,,
,,,,,,
,,,,,,
,,,,,,
,,,,,,
,,,,,,
,,,,,,
,,,,,,
,,,,,,
,,,,,,
,,,,,,
,,,,,,
,,,,,,
,,,,,,
,,,,,,
,,,,,,
,,,,,,
,,,,,,
,,,,,,
,,,,,,
,,,,,,
,,,,,,
,,,,,,
,,,,,,
,,,,,,
,,,,,,
,,,,,,
,,,,,,
,,,,,,
,,,,,,
,,,,,,
,,,,,,
,,,,,,
,,,,,,
,,,,,,
,,,,,,
,,,,,,
,,,,,,
,,,,,,
,,,,,,
,,,,,,
,,,,,,
,,,,,,
,,,,,,
,,,,,,
,,,,,,
,,,,,,
,,,,,,
,,,,,,
,,,,,,
,,,,,,
,,,,,,
,,,,,,
,,,,,,
,,,,,,
,,,,,,
,,,,,,
,,,,,,
,,,,,,
,,,,,,
,,,,,,
,,,,,,
,,,,,,
,,,,,,
,,,,,,
,,,,,,
,,,,,,
,,,,,,
,,,,,,
,,,,,,
,,,,,,
,,,,,,
,,,,,,
,,,,,,
,,,,,,
,,,,,,
,,,,,,
,,,,,,
,,,,,,
,,,,,,
,,,,,,
,,,,,,
,,,,,,
,,,,,,
,,,,,,
,,,,,,
,,,,,,
,,,,,,
,,,,,,
,,,,,,
,,,,,,
,,,,,,
,,,,,,
,,,,,,
,,,,,,
,,,,,,
,,,,,,
,,,,,,
,,,,,,
,,,,,,
,,,,,,
,,,,,,
,,,,,,
,,,,,,
,,,,,,
,,,,,,
,,,,,,
,,,,,,
,,,,,,
,,,,,,
,,,,,,
,,,,,,
,,,,,,
,,,,,,
,,,,,,
,,,,,,
,,,,,,
,,,,,,
,,,,,,
,,,,,,
,,,,,,
,,,,,,
,,,,,,
,,,,,,
,,,,,,
,,,,,,
,,,,,,
,,,,,,
,,,,,,
,,,,,,
,,,,,,
,,,,,,
,,,,,,
,,,,,,
,,,,,,
,,,,,,
,,,,,,
,,,,,,
,,,,,,
,,,,,,
,,,,,,
,,,,,,
,,,,,,
,,,,,,
,,,,,,
,,,,,,
,,,,,,
,,,,,,
,,,,,,
,,,,,,
,,,,,,
,,,,,,
,,,,,,
,,,,,,
,,,,,,
,,,,,,
,,,,,,
,,,,,,
,,,,,,
,,,,,,
,,,,,,
,,,,,,
,,,,,,
,,,,,,
,,,,,,
,,,,,,
,,,,,,
,,,,,,
,,,,,,
,,,,,,
,,,,,,
,,,,,,
,,,,,,
,,,,,,
,,,,,,
,,,,,,
,,,,,,
,,,,,,
,,,,,,
,,,,,,
,,,,,,
,,,,,,
,,,,,,
,,,,,,
,,,,,,
,,,,,,
,,,,,,
,,,,,,
,,,,,,
,,,,,,
,,,,,,
,,,,,,
,,,,,,
,,,,,,
,,,,,,
,,,,,,
,,,,,,
,,,,,,
,,,,,,
,,,,,,
,,,,,,
,,,,,,
,,,,,,
,,,,,,
,,,,,,
,,,,,,
,,,,,,
,,,,,,
,,,,,,
,,,,,,
,,,,,,
,,,,,,
,,,,,,
,,,,,,
,,,,,,
,,,,,,
,,,,,,
,,,,,,
,,,,,,
,,,,,,
,,,,,,
,,,,,,
,,,,,,
,,,,,,
,,,,,,
,,,,,,
,,,,,,
,,,,,,
,,,,,,
,,,,,,
,,,,,,
,,,,,,
,,,,,,
,,,,,,
,,,,,,
,,,,,,
,,,,,,
,,,,,,
,,,,,,
,,,,,,
,,,,,,
,,,,,,
,,,,,,
,,,,,,
,,,,,,
,,,,,,
,,,,,,
,,,,,,
,,,,,,
,,,,,,
,,,,,,
,,,,,,
,,,,,,
,,,,,,
,,,,,,
,,,,,,
,,,,,,
,,,,,,
,,,,,,
,,,,,,
,,,,,,
,,,,,,
,,,,,,
,,,,,,
,,,,,,
,,,,,,
,,,,,,
,,,,,,
,,,,,,
,,,,,,
,,,,,,
,,,,,,
,,,,,,
,,,,,,
,,,,,,
,,,,,,
,,,,,,
,,,,,,
,,,,,,
,,,,,,
,,,,,,
,,,,,,
,,,,,,
,,,,,,
,,,,,,
,,,,,,
,,,,,,
,,,,,,
,,,,,,
,,,,,,
,,,,,,
,,,,,,
,,,,,,
,,,,,,
,,,,,,
,,,,,,
,,,,,,
,,,,,,
,,,,,,
,,,,,,
,,,,,,
,,,,,,
,,,,,,
,,,,,,
,,,,,,
,,,,,,
,,,,,,
,,,,,,
,,,,,,
,,,,,,
,,,,,,
,,,,,,
,,,,,,
,,,,,,
,,,,,,
,,,,,,
,,,,,,
,,,,,,
,,,,,,
,,,,,,
,,,,,,
,,,,,,
,,,,,,
,,,,,,
,,,,,,
,,,,,,
,,,,,,
,,,,,,
,,,,,,
,,,,,,
,,,,,,
,,,,,,
,,,,,,
,,,,,,
,,,,,,
,,,,,,
,,,,,,
,,,,,,
,,,,,,
,,,,,,
,,,,,,
,,,,,,
,,,,,,
,,,,,,
,,,,,,
,,,,,,
,,,,,,
,,,,,,
,,,,,,
,,,,,,
,,,,,,
,,,,,,
,,,,,,
,,,,,,
,,,,,,
,,,,,,
,,,,,,
,,,,,,
,,,,,,
,,,,,,
,,,,,,
,,,,,,
,,,,,,
,,,,,,
,,,,,,
,,,,,,
,,,,,,
,,,,,,
,,,,,,
,,,,,,
,,,,,,
,,,,,,
,,,,,,
,,,,,,
,,,,,,
,,,,,,
,,,,,,
,,,,,,
,,,,,,
,,,,,,
,,,,,,
,,,,,,
,,,,,,
,,,,,,
,,,,,,
,,,,,,
,,,,,,
,,,,,,
,,,,,,
,,,,,,
,,,,,,
,,,,,,
,,,,,,
,,,,,,
,,,,,,
,,,,,,
,,,,,,
,,,,,,
,,,,,,
,,,,,,
,,,,,,
,,,,,,
,,,,,,
,,,,,,
,,,,,,
,,,,,,
,,,,,,
,,,,,,
,,,,,,
,,,,,,
,,,,,,
,,,,,,
,,,,,,
,,,,,,
,,,,,,
,,,,,,
,,,,,,
,,,,,,
,,,,,,
,,,,,,
,,,,,,
,,,,,,
,,,,,,
,,,,,,
,,,,,,
,,,,,,
,,,,,,
,,,,,,
,,,,,,
,,,,,,
,,,,,,
,,,,,,
,,,,,,
,,,,,,
,,,,,,
,,,,,,
,,,,,,
,,,,,,
,,,,,,
,,,,,,
,,,,,,
,,,,,,
,,,,,,
,,,,,,
,,,,,,
,,,,,,
,,,,,,
,,,,,,
,,,,,,
,,,,,,
,,,,,,
,,,,,,
,,,,,,
,,,,,,
,,,,,,
,,,,,,
,,,,,,
,,,,,,
,,,,,,
,,,,,,
,,,,,,
,,,,,,
,,,,,,
,,,,,,
,,,,,,
,,,,,,
,,,,,,
,,,,,,
,,,,,,
,,,,,,
,,,,,,
,,,,,,
,,,,,,
,,,,,,
,,,,,,
,,,,,,
,,,,,,
,,,,,,
,,,,,,
,,,,,,
,,,,,,
,,,,,,
,,,,,,
,,,,,,
,,,,,,
,,,,,,
,,,,,,
,,,,,,
,,,,,,
,,,,,,
,,,,,,
,,,,,,
,,,,,,
,,,,,,
,,,,,,
,,,,,,
,,,,,,
,,,,,,
,,,,,,
,,,,,,
,,,,,,
,,,,,,
,,,,,,
,,,,,,
,,,,,,
,,,,,,
,,,,,,
,,,,,,
,,,,,,
,,,,,,
,,,,,,
,,,,,,
,,,,,,
,,,,,,
,,,,,,
,,,,,,
,,,,,,
,,,,,,
,,,,,,
,,,,,,
,,,,,,
,,,,,,
,,,,,,
,,,,,,
,,,,,,
,,,,,,
,,,,,,
,,,,,,
,,,,,,
,,,,,,
,,,,,,
,,,,,,
,,,,,,
,,,,,,
,,,,,,
,,,,,,
,,,,,,
,,,,,,
,,,,,,
,,,,,,
,,,,,,
,,,,,,
,,,,,,
,,,,,,
,,,,,,
,,,,,,
,,,,,,
,,,,,,
,,,,,,
,,,,,,
,,,,,,
,,,,,,
,,,,,,
,,,,,,
,,,,,,
,,,,,,
,,,,,,
,,,,,,
,,,,,,
,,,,,,
,,,,,,
,,,,,,
,,,,,,
,,,,,,
,,,,,,
,,,,,,
,,,,,,
,,,,,,
,,,,,,
,,,,,,
,,,,,,
,,,,,,
,,,,,,
,,,,,,
,,,,,,
,,,,,,
,,,,,,
,,,,,,
,,,,,,
,,,,,,
,,,,,,
,,,,,,
,,,,,,
,,,,,,
,,,,,,
,,,,,,
,,,,,,
,,,,,,
,,,,,,
,,,,,,
,,,,,,
,,,,,,
,,,,,,
,,,,,,
,,,,,,
,,,,,,
,,,,,,
,,,,,,
,,,,,,
,,,,,,
,,,,,,
,,,,,,
,,,,,,
,,,,,,
,,,,,,
,,,,,,
,,,,,,
,,,,,,
,,,,,,
,,,,,,
,,,,,,
,,,,,,
,,,,,,
,,,,,,
,,,,,,
,,,,,,
,,,,,,
,,,,,,
,,,,,,
,,,,,,
,,,,,,
,,,,,,
,,,,,,
,,,,,,
,,,,,,
,,,,,,
,,,,,,
,,,,,,
,,,,,,
,,,,,,
,,,,,,
,,,,,,
,,,,,,
,,,,,,
,,,,,,
,,,,,,
,,,,,,
,,,,,,
,,,,,,
,,,,,,
,,,,,,
,,,,,,
,,,,,,
,,,,,,
,,,,,,
,,,,,,
,,,,,,
,,,,,,
,,,,,,
,,,,,,
,,,,,,
,,,,,,
,,,,,,
,,,,,,
,,,,,,
,,,,,,
,,,,,,
,,,,,,
,,,,,,
,,,,,,
,,,,,,
,,,,,,
,,,,,,
,,,,,,
,,,,,,
,,,,,,
,,,,,,
,,,,,,
,,,,,,
,,,,,,
,,,,,,
,,,,,,
,,,,,,
,,,,,,
,,,,,,
,,,,,,
,,,,,,
,,,,,,
,,,,,,
,,,,,,
,,,,,,
,,,,,,
,,,,,,
,,,,,,
,,,,,,
,,,,,,
,,,,,,
,,,,,,
,,,,,,
,,,,,,
,,,,,,
,,,,,,
,,,,,,
,,,,,,
,,,,,,
,,,,,,
,,,,,,
,,,,,,
,,,,,,
,,,,,,
,,,,,,
,,,,,,
,,,,,,
,,,,,,
,,,,,,
,,,,,,
,,,,,,
,,,,,,
,,,,,,
,,,,,,
,,,,,,
,,,,,,
,,,,,,
,,,,,,
,,,,,,
,,,,,,
,,,,,,
,,,,,,
,,,,,,
,,,,,,
,,,,,,
,,,,,,
,,,,,,
,,,,,,
,,,,,,
,,,,,,
,,,,,,
,,,,,,
,,,,,,
,,,,,,
,,,,,,
,,,,,,
,,,,,,
,,,,,,
,,,,,,
,,,,,,
,,,,,,
,,,,,,
,,,,,,
,,,,,,
,,,,,,
,,,,,,
,,,,,,
,,,,,,
,,,,,,
,,,,,,
,,,,,,
,,,,,,
,,,,,,
,,,,,,
,,,,,,
,,,,,,
,,,,,,
,,,,,,
,,,,,,
,,,,,,
,,,,,,
,,,,,,
,,,,,,
,,,,,,
,,,,,,
,,,,,,
,,,,,,
,,,,,,
,,,,,,
,,,,,,
,,,,,,
,,,,,,
,,,,,,
,,,,,,
,,,,,,
,,,,,,
,,,,,,
,,,,,,
,,,,,,
,,,,,,
,,,,,,
,,,,,,
,,,,,,
,,,,,,
,,,,,,
,,,,,,
,,,,,,
,,,,,,
,,,,,,
,,,,,,
,,,,,,
,,,,,,
,,,,,,
,,,,,,
,,,,,,
,,,,,,
,,,,,,
,,,,,,
,,,,,,
,,,,,,
,,,,,,
,,,,,,
,,,,,,
,,,,,,
,,,,,,
,,,,,,
,,,,,,
,,,,,,
,,,,,,
,,,,,,
,,,,,,
,,,,,,
,,,,,,
,,,,,,
,,,,,,
,,,,,,
,,,,,,
,,,,,,
,,,,,,
,,,,,,
,,,,,,
,,,,,,
,,,,,,
,,,,,,
,,,,,,
,,,,,,
,,,,,,
,,,,,,
,,,,,,
,,,,,,
,,,,,,
,,,,,,
,,,,,,
,,,,,,
,,,,,,
,,,,,,
,,,,,,
,,,,,,
,,,,,,
,,,,,,
,,,,,,
,,,,,,
,,,,,,
,,,,,,
,,,,,,
,,,,,,
,,,,,,
,,,,,,
,,,,,,
,,,,,,
,,,,,,
,,,,,,
,,,,,,
,,,,,,
,,,,,,
,,,,,,
,,,,,,
,,,,,,
,,,,,,
,,,,,,
,,,,,,
,,,,,,
,,,,,,
,,,,,,
,,,,,,
,,,,,,
,,,,,,
,,,,,,
,,,,,,
,,,,,,
,,,,,,
,,,,,,
